sample_id,task,format,condition,final_estimate,threshold,lower_bound,upper_bound,bound_violation
pilot:giraffes:unrestricted:baseline:0002,giraffes,unrestricted,baseline,22000000,19597500.0,,,False
pilot:giraffes:unrestricted:baseline:0003,giraffes,unrestricted,baseline,15660000,19597500.0,,,False
pilot:giraffes:unrestricted:baseline:0004,giraffes,unrestricted,baseline,49500000,19597500.0,,,False
pilot:giraffes:unrestricted:baseline:0000,giraffes,unrestricted,baseline,12870000,19597500.0,,,False
pilot:giraffes:unrestricted:baseline:0001,giraffes,unrestricted,baseline,21240000,19597500.0,,,False
pilot:giraffes:unrestricted:baseline:0005,giraffes,unrestricted,baseline,17000000,19597500.0,,,False
pilot:giraffes:unrestricted:baseline:0006,giraffes,unrestricted,baseline,22230000,19597500.0,,,False
pilot:giraffes:unrestricted:baseline:0009,giraffes,unrestricted,baseline,18720000,19597500.0,,,False
pilot:giraffes:unrestricted:baseline:0007,giraffes,unrestricted,baseline,20475000,19597500.0,,,False
pilot:giraffes:unrestricted:baseline:0008,giraffes,unrestricted,baseline,15000000,19597500.0,,,False
pilot:giraffes:unrestricted:above_good:0002,giraffes,unrestricted,above_good,24219000,19597500.0,,,False
pilot:giraffes:unrestricted:above_good:0003,giraffes,unrestricted,above_good,14250000,19597500.0,,,False
pilot:giraffes:unrestricted:above_good:0001,giraffes,unrestricted,above_good,19465600,19597500.0,,,False
pilot:giraffes:unrestricted:above_good:0004,giraffes,unrestricted,above_good,17775000,19597500.0,,,False
pilot:giraffes:unrestricted:above_good:0005,giraffes,unrestricted,above_good,56350000,19597500.0,,,False
pilot:giraffes:unrestricted:above_good:0007,giraffes,unrestricted,above_good,23364000,19597500.0,,,False
pilot:giraffes:unrestricted:above_good:0006,giraffes,unrestricted,above_good,17550000,19597500.0,,,False
pilot:giraffes:unrestricted:above_good:0008,giraffes,unrestricted,above_good,19375000,19597500.0,,,False
pilot:giraffes:unrestricted:above_good:0009,giraffes,unrestricted,above_good,26684000,19597500.0,,,False
pilot:giraffes:unrestricted:below_good:0000,giraffes,unrestricted,below_good,34500000,19597500.0,,,False
pilot:giraffes:unrestricted:below_good:0002,giraffes,unrestricted,below_good,18522500,19597500.0,,,False
pilot:giraffes:unrestricted:below_good:0001,giraffes,unrestricted,below_good,18184910,19597500.0,,,False
pilot:giraffes:unrestricted:below_good:0003,giraffes,unrestricted,below_good,16889000,19597500.0,,,False
pilot:giraffes:unrestricted:below_good:0004,giraffes,unrestricted,below_good,17316000,19597500.0,,,False
pilot:giraffes:unrestricted:below_good:0005,giraffes,unrestricted,below_good,5692320,19597500.0,,,False
pilot:giraffes:unrestricted:below_good:0006,giraffes,unrestricted,below_good,17550000,19597500.0,,,False
pilot:giraffes:unrestricted:below_good:0007,giraffes,unrestricted,below_good,23400000,19597500.0,,,False
pilot:giraffes:unrestricted:below_good:0009,giraffes,unrestricted,below_good,13272000,19597500.0,,,False
pilot:giraffes:unrestricted:below_good:0008,giraffes,unrestricted,below_good,17897100,19597500.0,,,False
pilot:giraffes:bounded:baseline:0000,giraffes,bounded,baseline,14500000,19597500.0,9798750,29396250,False
pilot:giraffes:bounded:baseline:0002,giraffes,bounded,baseline,18400000,19597500.0,9798750,29396250,False
pilot:giraffes:bounded:baseline:0003,giraffes,bounded,baseline,20500000,19597500.0,9798750,29396250,False
pilot:giraffes:bounded:baseline:0004,giraffes,bounded,baseline,21610000,19597500.0,9798750,29396250,False
pilot:giraffes:bounded:baseline:0005,giraffes,bounded,baseline,16203250,19597500.0,9798750,29396250,False
pilot:giraffes:bounded:baseline:0001,giraffes,bounded,baseline,15510000,19597500.0,9798750,29396250,False
pilot:giraffes:bounded:baseline:0007,giraffes,bounded,baseline,18800000,19597500.0,9798750,29396250,False
pilot:giraffes:bounded:baseline:0006,giraffes,bounded,baseline,17419500,19597500.0,9798750,29396250,False
pilot:giraffes:bounded:baseline:0009,giraffes,bounded,baseline,23400000,19597500.0,9798750,29396250,False
pilot:giraffes:bounded:baseline:0008,giraffes,bounded,baseline,20650000,19597500.0,9798750,29396250,False
pilot:giraffes:bounded:above_good:0003,giraffes,bounded,above_good,22850000,19597500.0,9798750,29396250,False
pilot:giraffes:bounded:above_good:0001,giraffes,bounded,above_good,15210000,19597500.0,9798750,29396250,False
pilot:giraffes:bounded:above_good:0002,giraffes,bounded,above_good,20650000,19597500.0,9798750,29396250,False
pilot:giraffes:bounded:above_good:0000,giraffes,bounded,above_good,19850000,19597500.0,9798750,29396250,False
pilot:giraffes:bounded:above_good:0004,giraffes,bounded,above_good,19116000,19597500.0,9798750,29396250,False
pilot:giraffes:bounded:above_good:0007,giraffes,bounded,above_good,18500000,19597500.0,9798750,29396250,False
pilot:giraffes:bounded:above_good:0009,giraffes,bounded,above_good,20475000,19597500.0,9798750,29396250,False
pilot:giraffes:bounded:above_good:0006,giraffes,bounded,above_good,12744000,19597500.0,9798750,29396250,False
pilot:giraffes:bounded:above_good:0008,giraffes,bounded,above_good,21803600,19597500.0,9798750,29396250,False
pilot:giraffes:bounded:above_good:0005,giraffes,bounded,above_good,11248832,19597500.0,9798750,29396250,False
pilot:giraffes:bounded:below_good:0001,giraffes,bounded,below_good,19600000,19597500.0,9798750,29396250,False
pilot:giraffes:bounded:below_good:0000,giraffes,bounded,below_good,13200000,19597500.0,9798750,29396250,False
pilot:giraffes:bounded:below_good:0003,giraffes,bounded,below_good,18416100,19597500.0,9798750,29396250,False
pilot:giraffes:bounded:below_good:0006,giraffes,bounded,below_good,20125000,19597500.0,9798750,29396250,False
pilot:giraffes:bounded:below_good:0004,giraffes,bounded,below_good,15750000,19597500.0,9798750,29396250,False
pilot:giraffes:bounded:below_good:0005,giraffes,bounded,below_good,24408090,19597500.0,9798750,29396250,False
pilot:giraffes:bounded:below_good:0002,giraffes,bounded,below_good,20697600,19597500.0,9798750,29396250,False
pilot:giraffes:bounded:below_good:0007,giraffes,bounded,below_good,14642100,19597500.0,9798750,29396250,False
pilot:giraffes:bounded:below_good:0008,giraffes,bounded,below_good,18840000,19597500.0,9798750,29396250,False
pilot:giraffes:bounded:below_good:0009,giraffes,bounded,below_good,16700000,19597500.0,9798750,29396250,False
